TimeUTC,timestampInMs,requestPath,requestMethod,requestQueryString,responseStatusCode,requestId,requestUserAgent,level,environment,branch,vercelCache,type,function,host,deploymentDomain,deploymentId,durationMs,region,maxMemoryUsed,memorySize,message,projectId,traceId,sessionId,invocationId,instanceId,concurrency
2/1/2026 5:45,1.76992E+12,techsidechats-c6qu0m2tf-chris-solario-s-projects.vercel.app/,GET,,200,7tktw-1769924750789-acfb7bce719b,vercel-favicon/1.0,,production,main,HIT,static,/,techsidechats-c6qu0m2tf-chris-solario-s-projects.vercel.app,techsidechats-c6qu0m2tf-chris-solario-s-projects.vercel.app,dpl_3zaGCy9hjuRJNBSU4LU6K9t2vzg2,16,sfo1,,,,prj_Js2lo2gmYf9Z64B1lLz4T8IbtbvF,,,,,
2/1/2026 5:45,1.76992E+12,techsidechats.vercel.app/api/admin/articles,PUT,,500,gk49r-1769924710163-fb355eabd5e6,"Mozilla/5.0 (Windows NT 10.0; Win64; x64) AppleWebKit/537.36 (KHTML, like Gecko) Chrome/144.0.0.0 Safari/537.36 Edg/144.0.0.0",error,production,main,MISS,function,/api/admin/articles,techsidechats.vercel.app,techsidechats.vercel.app,dpl_3zaGCy9hjuRJNBSU4LU6K9t2vzg2,,,,,"Error updating article: Error: Vercel Blob: This blob already exists, use `allowOverwrite: true` if you want to overwrite it. Or `addRandomSuffix: true` to generate a unique filename. Read more about this error in our documentation: https://vercel.link/blob-allow-overwrite
    at ok (.next/server/chunks/[root-of-the-server]__91a92e9d._.js:35:179654)
    at async (.next/server/chunks/[root-of-the-server]__91a92e9d._.js:35:180772)
    at async oF (.next/server/chunks/[root-of-the-server]__91a92e9d._.js:35:180119)
    at async oZ.allowedOptions (.next/server/chunks/[root-of-the-server]__91a92e9d._.js:35:189497)
    at async o7 (.next/server/chunks/[root-of-the-server]__91a92e9d._.js:35:191707)
    at async A (.next/server/chunks/[root-of-the-server]__7640d220._.js:1:3961)
    at async u (.next/server/chunks/[root-of-the-server]__7640d220._.js:1:7786)",prj_Js2lo2gmYf9Z64B1lLz4T8IbtbvF,,,,,
2/1/2026 5:45,1.76992E+12,techsidechats.vercel.app/api/admin/articles,PUT,,500,gk49r-1769924710163-fb355eabd5e6,"Mozilla/5.0 (Windows NT 10.0; Win64; x64) AppleWebKit/537.36 (KHTML, like Gecko) Chrome/144.0.0.0 Safari/537.36 Edg/144.0.0.0",,production,main,MISS,function,/api/admin/articles,techsidechats.vercel.app,techsidechats.vercel.app,dpl_3zaGCy9hjuRJNBSU4LU6K9t2vzg2,393,iad1,290,2048,,prj_Js2lo2gmYf9Z64B1lLz4T8IbtbvF,,,01KGBVQKVFXAZ1JXR01T0X0VBH,PexSULvJLJMM,1
2/1/2026 5:45,1.76992E+12,techsidechats.vercel.app/api/admin/articles,GET,,200,c52xp-1769924706332-02a35f547fa5,"Mozilla/5.0 (Windows NT 10.0; Win64; x64) AppleWebKit/537.36 (KHTML, like Gecko) Chrome/144.0.0.0 Safari/537.36 Edg/144.0.0.0",,production,main,MISS,function,/api/admin/articles,techsidechats.vercel.app,techsidechats-c6qu0m2tf-chris-solario-s-projects.vercel.app,dpl_3zaGCy9hjuRJNBSU4LU6K9t2vzg2,592,iad1,290,2048,,prj_Js2lo2gmYf9Z64B1lLz4T8IbtbvF,,,01KGBVQG20XDGC0RKKM9ZF62SV,PexSULvJLJMM,1
2/1/2026 5:45,1.76992E+12,techsidechats.vercel.app/,GET,_rsc=m0mb1,304,tw778-1769924705484-98d2053f0511,"Mozilla/5.0 (Windows NT 10.0; Win64; x64) AppleWebKit/537.36 (KHTML, like Gecko) Chrome/144.0.0.0 Safari/537.36 Edg/144.0.0.0",,production,main,HIT,static,/index.segments/_head.segment,techsidechats.vercel.app,techsidechats-c6qu0m2tf-chris-solario-s-projects.vercel.app,dpl_3zaGCy9hjuRJNBSU4LU6K9t2vzg2,13,pdx1,,,,prj_Js2lo2gmYf9Z64B1lLz4T8IbtbvF,,,,,
2/1/2026 5:45,1.76992E+12,techsidechats.vercel.app/,GET,_rsc=444lg,304,lxn2d-1769924705484-1ef1086fbef5,"Mozilla/5.0 (Windows NT 10.0; Win64; x64) AppleWebKit/537.36 (KHTML, like Gecko) Chrome/144.0.0.0 Safari/537.36 Edg/144.0.0.0",,production,main,HIT,static,/index.segments/_index.segment,techsidechats.vercel.app,techsidechats-c6qu0m2tf-chris-solario-s-projects.vercel.app,dpl_3zaGCy9hjuRJNBSU4LU6K9t2vzg2,19,pdx1,,,,prj_Js2lo2gmYf9Z64B1lLz4T8IbtbvF,,,,,
2/1/2026 5:45,1.76992E+12,techsidechats.vercel.app/,GET,_rsc=941a9,304,f8sz2-1769924705484-3321174882b9,"Mozilla/5.0 (Windows NT 10.0; Win64; x64) AppleWebKit/537.36 (KHTML, like Gecko) Chrome/144.0.0.0 Safari/537.36 Edg/144.0.0.0",,production,main,HIT,static,/index.segments/__PAGE__.segment,techsidechats.vercel.app,techsidechats-c6qu0m2tf-chris-solario-s-projects.vercel.app,dpl_3zaGCy9hjuRJNBSU4LU6K9t2vzg2,19,pdx1,,,,prj_Js2lo2gmYf9Z64B1lLz4T8IbtbvF,,,,,
2/1/2026 5:45,1.76992E+12,techsidechats.vercel.app/,GET,_rsc=17qrm,304,lxn2d-1769924705399-65a22d2bbad1,"Mozilla/5.0 (Windows NT 10.0; Win64; x64) AppleWebKit/537.36 (KHTML, like Gecko) Chrome/144.0.0.0 Safari/537.36 Edg/144.0.0.0",,production,main,HIT,static,/index.segments/_tree.segment,techsidechats.vercel.app,techsidechats-c6qu0m2tf-chris-solario-s-projects.vercel.app,dpl_3zaGCy9hjuRJNBSU4LU6K9t2vzg2,25,pdx1,,,,prj_Js2lo2gmYf9Z64B1lLz4T8IbtbvF,,,,,
2/1/2026 5:45,1.76992E+12,techsidechats.vercel.app/api/admin/articles,GET,,200,c52xp-1769924705372-fe7cb058e709,"Mozilla/5.0 (Windows NT 10.0; Win64; x64) AppleWebKit/537.36 (KHTML, like Gecko) Chrome/144.0.0.0 Safari/537.36 Edg/144.0.0.0",,production,main,MISS,function,/api/admin/articles,techsidechats.vercel.app,techsidechats-c6qu0m2tf-chris-solario-s-projects.vercel.app,dpl_3zaGCy9hjuRJNBSU4LU6K9t2vzg2,863,iad1,290,2048,,prj_Js2lo2gmYf9Z64B1lLz4T8IbtbvF,,,01KGBVQF45Q7YVQW03RMJ454YG,PexSULvJLJMM,1
2/1/2026 5:44,1.76992E+12,techsidechats.vercel.app/articles/welcome-to-techside-chats,GET,_rsc=x2e2r,304,z5hr9-1769924697042-1e7df6b3bcbb,"Mozilla/5.0 (Windows NT 10.0; Win64; x64) AppleWebKit/537.36 (KHTML, like Gecko) Chrome/144.0.0.0 Safari/537.36 Edg/144.0.0.0",,production,main,HIT,static,/articles/welcome-to-techside-chats.segments/articles/$d$slug/__PAGE__.segment,techsidechats.vercel.app,techsidechats-c6qu0m2tf-chris-solario-s-projects.vercel.app,dpl_3zaGCy9hjuRJNBSU4LU6K9t2vzg2,3,pdx1,,,,prj_Js2lo2gmYf9Z64B1lLz4T8IbtbvF,,,,,
2/1/2026 5:44,1.76992E+12,techsidechats.vercel.app/articles/welcome-to-techside-chats,GET,_rsc=1pn8p,304,jwfbt-1769924697037-97405d46cf4d,"Mozilla/5.0 (Windows NT 10.0; Win64; x64) AppleWebKit/537.36 (KHTML, like Gecko) Chrome/144.0.0.0 Safari/537.36 Edg/144.0.0.0",,production,main,HIT,static,/articles/welcome-to-techside-chats.segments/_head.segment,techsidechats.vercel.app,techsidechats-c6qu0m2tf-chris-solario-s-projects.vercel.app,dpl_3zaGCy9hjuRJNBSU4LU6K9t2vzg2,22,pdx1,,,,prj_Js2lo2gmYf9Z64B1lLz4T8IbtbvF,,,,,
2/1/2026 5:44,1.76992E+12,techsidechats.vercel.app/articles/welcome-to-techside-chats,GET,_rsc=1v02x,304,z5hr9-1769924697033-5933eb3a6ee2,"Mozilla/5.0 (Windows NT 10.0; Win64; x64) AppleWebKit/537.36 (KHTML, like Gecko) Chrome/144.0.0.0 Safari/537.36 Edg/144.0.0.0",,production,main,HIT,static,/articles/welcome-to-techside-chats.segments/articles.segment,techsidechats.vercel.app,techsidechats-c6qu0m2tf-chris-solario-s-projects.vercel.app,dpl_3zaGCy9hjuRJNBSU4LU6K9t2vzg2,5,pdx1,,,,prj_Js2lo2gmYf9Z64B1lLz4T8IbtbvF,,,,,
2/1/2026 5:44,1.76992E+12,techsidechats.vercel.app/articles/welcome-to-techside-chats,GET,_rsc=pynej,304,74bpd-1769924697033-d8c0606dc292,"Mozilla/5.0 (Windows NT 10.0; Win64; x64) AppleWebKit/537.36 (KHTML, like Gecko) Chrome/144.0.0.0 Safari/537.36 Edg/144.0.0.0",,production,main,HIT,static,/articles/welcome-to-techside-chats.segments/articles/$d$slug.segment,techsidechats.vercel.app,techsidechats-c6qu0m2tf-chris-solario-s-projects.vercel.app,dpl_3zaGCy9hjuRJNBSU4LU6K9t2vzg2,10,pdx1,,,,prj_Js2lo2gmYf9Z64B1lLz4T8IbtbvF,,,,,
2/1/2026 5:44,1.76992E+12,techsidechats.vercel.app/articles/welcome-to-techside-chats,GET,_rsc=1r34m,304,f8sz2-1769924696988-78bf2d1d6bd9,"Mozilla/5.0 (Windows NT 10.0; Win64; x64) AppleWebKit/537.36 (KHTML, like Gecko) Chrome/144.0.0.0 Safari/537.36 Edg/144.0.0.0",,production,main,HIT,static,/articles/welcome-to-techside-chats.segments/_tree.segment,techsidechats.vercel.app,techsidechats-c6qu0m2tf-chris-solario-s-projects.vercel.app,dpl_3zaGCy9hjuRJNBSU4LU6K9t2vzg2,21,pdx1,,,,prj_Js2lo2gmYf9Z64B1lLz4T8IbtbvF,,,,,
2/1/2026 5:44,1.76992E+12,techsidechats.vercel.app/api/admin/articles,GET,,200,6htsh-1769924682507-b14767d19e6e,"Mozilla/5.0 (Windows NT 10.0; Win64; x64) AppleWebKit/537.36 (KHTML, like Gecko) Chrome/144.0.0.0 Safari/537.36 Edg/144.0.0.0",,production,main,MISS,function,/api/admin/articles,techsidechats.vercel.app,techsidechats-c6qu0m2tf-chris-solario-s-projects.vercel.app,dpl_3zaGCy9hjuRJNBSU4LU6K9t2vzg2,349,iad1,289,2048,,prj_Js2lo2gmYf9Z64B1lLz4T8IbtbvF,,,01KGBVPRSE8Q9FK15SAQGZ1PNS,PexSULvJLJMM,1
2/1/2026 5:44,1.76992E+12,techsidechats.vercel.app/api/admin/articles,POST,,200,6htsh-1769924681834-eba75644418f,"Mozilla/5.0 (Windows NT 10.0; Win64; x64) AppleWebKit/537.36 (KHTML, like Gecko) Chrome/144.0.0.0 Safari/537.36 Edg/144.0.0.0",,production,main,MISS,function,/api/admin/articles,techsidechats.vercel.app,techsidechats-c6qu0m2tf-chris-solario-s-projects.vercel.app,dpl_3zaGCy9hjuRJNBSU4LU6K9t2vzg2,515,iad1,289,2048,,prj_Js2lo2gmYf9Z64B1lLz4T8IbtbvF,,,01KGBVPR6C7BVA0FX9B6ZKSK5R,PexSULvJLJMM,1
2/1/2026 5:44,1.76992E+12,techsidechats.vercel.app/api/admin/preview,POST,,200,74bpd-1769924677172-054d8688187f,"Mozilla/5.0 (Windows NT 10.0; Win64; x64) AppleWebKit/537.36 (KHTML, like Gecko) Chrome/144.0.0.0 Safari/537.36 Edg/144.0.0.0",,production,main,MISS,function,/api/admin/preview,techsidechats.vercel.app,techsidechats-c6qu0m2tf-chris-solario-s-projects.vercel.app,dpl_3zaGCy9hjuRJNBSU4LU6K9t2vzg2,39,iad1,298,2048,,prj_Js2lo2gmYf9Z64B1lLz4T8IbtbvF,,,01KGBVPKNB2JDYBPH4ARP0TS4W,PexSULvJLJMM,1
2/1/2026 5:44,1.76992E+12,techsidechats.vercel.app/api/admin/preview,POST,,200,298pf-1769924676872-caa0cd68befa,"Mozilla/5.0 (Windows NT 10.0; Win64; x64) AppleWebKit/537.36 (KHTML, like Gecko) Chrome/144.0.0.0 Safari/537.36 Edg/144.0.0.0",,production,main,MISS,function,/api/admin/preview,techsidechats.vercel.app,techsidechats-c6qu0m2tf-chris-solario-s-projects.vercel.app,dpl_3zaGCy9hjuRJNBSU4LU6K9t2vzg2,61,iad1,295,2048,,prj_Js2lo2gmYf9Z64B1lLz4T8IbtbvF,,,01KGBVPKBE7SMH5G72EMPT3C4E,PexSULvJLJMM,1
2/1/2026 5:44,1.76992E+12,techsidechats.vercel.app/api/admin/articles,GET,,200,6htsh-1769924655158-3b1d60743768,"Mozilla/5.0 (Windows NT 10.0; Win64; x64) AppleWebKit/537.36 (KHTML, like Gecko) Chrome/144.0.0.0 Safari/537.36 Edg/144.0.0.0",,production,main,MISS,function,/api/admin/articles,techsidechats.vercel.app,techsidechats-c6qu0m2tf-chris-solario-s-projects.vercel.app,dpl_3zaGCy9hjuRJNBSU4LU6K9t2vzg2,178,iad1,294,2048,,prj_Js2lo2gmYf9Z64B1lLz4T8IbtbvF,,,01KGBVNY30G07RGJ6DHZ1EAW1S,PexSULvJLJMM,1
2/1/2026 5:44,1.76992E+12,techsidechats.vercel.app/api/admin/articles,DELETE,,200,shzwb-1769924654725-3587c6a29e7e,"Mozilla/5.0 (Windows NT 10.0; Win64; x64) AppleWebKit/537.36 (KHTML, like Gecko) Chrome/144.0.0.0 Safari/537.36 Edg/144.0.0.0",,production,main,MISS,function,/api/admin/articles,techsidechats.vercel.app,techsidechats-c6qu0m2tf-chris-solario-s-projects.vercel.app,dpl_3zaGCy9hjuRJNBSU4LU6K9t2vzg2,340,iad1,294,2048,,prj_Js2lo2gmYf9Z64B1lLz4T8IbtbvF,,,01KGBVNXN6HDQHMCBFMNESA8JV,PexSULvJLJMM,1
2/1/2026 5:44,1.76992E+12,techsidechats.vercel.app/api/admin/articles,PUT,,500,shzwb-1769924649306-b5c96713a8c5,"Mozilla/5.0 (Windows NT 10.0; Win64; x64) AppleWebKit/537.36 (KHTML, like Gecko) Chrome/144.0.0.0 Safari/537.36 Edg/144.0.0.0",error,production,main,MISS,function,/api/admin/articles,techsidechats.vercel.app,techsidechats.vercel.app,dpl_3zaGCy9hjuRJNBSU4LU6K9t2vzg2,,,,,"Error updating article: Error: Vercel Blob: This blob already exists, use `allowOverwrite: true` if you want to overwrite it. Or `addRandomSuffix: true` to generate a unique filename. Read more about this error in our documentation: https://vercel.link/blob-allow-overwrite
    at ok (.next/server/chunks/[root-of-the-server]__91a92e9d._.js:35:179654)
    at async (.next/server/chunks/[root-of-the-server]__91a92e9d._.js:35:180772)
    at async oF (.next/server/chunks/[root-of-the-server]__91a92e9d._.js:35:180119)
    at async oZ.allowedOptions (.next/server/chunks/[root-of-the-server]__91a92e9d._.js:35:189497)
    at async o7 (.next/server/chunks/[root-of-the-server]__91a92e9d._.js:35:191707)
    at async A (.next/server/chunks/[root-of-the-server]__7640d220._.js:1:3961)
    at async u (.next/server/chunks/[root-of-the-server]__7640d220._.js:1:7786)",prj_Js2lo2gmYf9Z64B1lLz4T8IbtbvF,,,,,
2/1/2026 5:44,1.76992E+12,techsidechats.vercel.app/api/admin/articles,PUT,,500,shzwb-1769924649306-b5c96713a8c5,"Mozilla/5.0 (Windows NT 10.0; Win64; x64) AppleWebKit/537.36 (KHTML, like Gecko) Chrome/144.0.0.0 Safari/537.36 Edg/144.0.0.0",,production,main,MISS,function,/api/admin/articles,techsidechats.vercel.app,techsidechats.vercel.app,dpl_3zaGCy9hjuRJNBSU4LU6K9t2vzg2,313,iad1,293,2048,,prj_Js2lo2gmYf9Z64B1lLz4T8IbtbvF,,,01KGBVNRDJ97ZHMAXF0HJAKQDT,PexSULvJLJMM,1
2/1/2026 5:44,1.76992E+12,techsidechats.vercel.app/api/admin/articles,GET,,200,sh9lf-1769924645811-d17caa371f96,"Mozilla/5.0 (Windows NT 10.0; Win64; x64) AppleWebKit/537.36 (KHTML, like Gecko) Chrome/144.0.0.0 Safari/537.36 Edg/144.0.0.0",,production,main,MISS,function,/api/admin/articles,techsidechats.vercel.app,techsidechats-c6qu0m2tf-chris-solario-s-projects.vercel.app,dpl_3zaGCy9hjuRJNBSU4LU6K9t2vzg2,625,iad1,292,2048,,prj_Js2lo2gmYf9Z64B1lLz4T8IbtbvF,,,01KGBVNMYN42EEBBG16GXTBX8H,PexSULvJLJMM,1
2/1/2026 5:44,1.76992E+12,techsidechats.vercel.app/,GET,_rsc=941a9,304,jwfbt-1769924644889-5bdebf4a0136,"Mozilla/5.0 (Windows NT 10.0; Win64; x64) AppleWebKit/537.36 (KHTML, like Gecko) Chrome/144.0.0.0 Safari/537.36 Edg/144.0.0.0",,production,main,HIT,static,/index.segments/__PAGE__.segment,techsidechats.vercel.app,techsidechats-c6qu0m2tf-chris-solario-s-projects.vercel.app,dpl_3zaGCy9hjuRJNBSU4LU6K9t2vzg2,6,pdx1,,,,prj_Js2lo2gmYf9Z64B1lLz4T8IbtbvF,,,,,
2/1/2026 5:44,1.76992E+12,techsidechats.vercel.app/,GET,_rsc=m0mb1,304,c52xp-1769924644889-05029a0db638,"Mozilla/5.0 (Windows NT 10.0; Win64; x64) AppleWebKit/537.36 (KHTML, like Gecko) Chrome/144.0.0.0 Safari/537.36 Edg/144.0.0.0",,production,main,HIT,static,/index.segments/_head.segment,techsidechats.vercel.app,techsidechats-c6qu0m2tf-chris-solario-s-projects.vercel.app,dpl_3zaGCy9hjuRJNBSU4LU6K9t2vzg2,69,pdx1,,,,prj_Js2lo2gmYf9Z64B1lLz4T8IbtbvF,,,,,
2/1/2026 5:44,1.76992E+12,techsidechats.vercel.app/,GET,_rsc=444lg,304,2qzjr-1769924644889-9a1f3593a7c0,"Mozilla/5.0 (Windows NT 10.0; Win64; x64) AppleWebKit/537.36 (KHTML, like Gecko) Chrome/144.0.0.0 Safari/537.36 Edg/144.0.0.0",,production,main,HIT,static,/index.segments/_index.segment,techsidechats.vercel.app,techsidechats-c6qu0m2tf-chris-solario-s-projects.vercel.app,dpl_3zaGCy9hjuRJNBSU4LU6K9t2vzg2,5,pdx1,,,,prj_Js2lo2gmYf9Z64B1lLz4T8IbtbvF,,,,,
2/1/2026 5:44,1.76992E+12,techsidechats.vercel.app/api/admin/articles,GET,,200,6jg82-1769924644857-dcbc96f42346,"Mozilla/5.0 (Windows NT 10.0; Win64; x64) AppleWebKit/537.36 (KHTML, like Gecko) Chrome/144.0.0.0 Safari/537.36 Edg/144.0.0.0",,production,main,MISS,function,/api/admin/articles,techsidechats.vercel.app,techsidechats-c6qu0m2tf-chris-solario-s-projects.vercel.app,dpl_3zaGCy9hjuRJNBSU4LU6K9t2vzg2,863,iad1,291,2048,,prj_Js2lo2gmYf9Z64B1lLz4T8IbtbvF,,,01KGBVNM0T7WQ9KXZ83BETSXVC,PexSULvJLJMM,1
2/1/2026 5:44,1.76992E+12,techsidechats.vercel.app/,GET,_rsc=17qrm,304,6htsh-1769924644857-d39d66a0847e,"Mozilla/5.0 (Windows NT 10.0; Win64; x64) AppleWebKit/537.36 (KHTML, like Gecko) Chrome/144.0.0.0 Safari/537.36 Edg/144.0.0.0",,production,main,HIT,static,/index.segments/_tree.segment,techsidechats.vercel.app,techsidechats-c6qu0m2tf-chris-solario-s-projects.vercel.app,dpl_3zaGCy9hjuRJNBSU4LU6K9t2vzg2,7,pdx1,,,,prj_Js2lo2gmYf9Z64B1lLz4T8IbtbvF,,,,,
2/1/2026 5:44,1.76992E+12,techsidechats.vercel.app/admin,GET,,304,2kv8x-1769924644626-feabf1b2a38f,"Mozilla/5.0 (Windows NT 10.0; Win64; x64) AppleWebKit/537.36 (KHTML, like Gecko) Chrome/144.0.0.0 Safari/537.36 Edg/144.0.0.0",,production,main,HIT,static,/admin,techsidechats.vercel.app,techsidechats-c6qu0m2tf-chris-solario-s-projects.vercel.app,dpl_3zaGCy9hjuRJNBSU4LU6K9t2vzg2,23,pdx1,,,,prj_Js2lo2gmYf9Z64B1lLz4T8IbtbvF,,,,,
2/1/2026 5:43,1.76992E+12,techsidechats.vercel.app/articles/welcome-to-techside-chats,GET,_rsc=x2e2r,200,jwfbt-1769924636128-9df802ab23ef,"Mozilla/5.0 (Windows NT 10.0; Win64; x64) AppleWebKit/537.36 (KHTML, like Gecko) Chrome/144.0.0.0 Safari/537.36 Edg/144.0.0.0",,production,main,PRERENDER,static,/articles/welcome-to-techside-chats.segments/articles/$d$slug/__PAGE__.segment,techsidechats.vercel.app,techsidechats-c6qu0m2tf-chris-solario-s-projects.vercel.app,dpl_3zaGCy9hjuRJNBSU4LU6K9t2vzg2,222,pdx1,,,,prj_Js2lo2gmYf9Z64B1lLz4T8IbtbvF,,,,,
2/1/2026 5:43,1.76992E+12,techsidechats.vercel.app/articles/welcome-to-techside-chats,GET,_rsc=pynej,200,bbxv5-1769924636128-c5070faf74aa,"Mozilla/5.0 (Windows NT 10.0; Win64; x64) AppleWebKit/537.36 (KHTML, like Gecko) Chrome/144.0.0.0 Safari/537.36 Edg/144.0.0.0",,production,main,PRERENDER,static,/articles/welcome-to-techside-chats.segments/articles/$d$slug.segment,techsidechats.vercel.app,techsidechats-c6qu0m2tf-chris-solario-s-projects.vercel.app,dpl_3zaGCy9hjuRJNBSU4LU6K9t2vzg2,222,pdx1,,,,prj_Js2lo2gmYf9Z64B1lLz4T8IbtbvF,,,,,
2/1/2026 5:43,1.76992E+12,techsidechats.vercel.app/articles/welcome-to-techside-chats,GET,_rsc=1v02x,200,f2sbg-1769924636123-d4dc69901d41,"Mozilla/5.0 (Windows NT 10.0; Win64; x64) AppleWebKit/537.36 (KHTML, like Gecko) Chrome/144.0.0.0 Safari/537.36 Edg/144.0.0.0",,production,main,PRERENDER,static,/articles/welcome-to-techside-chats.segments/articles.segment,techsidechats.vercel.app,techsidechats-c6qu0m2tf-chris-solario-s-projects.vercel.app,dpl_3zaGCy9hjuRJNBSU4LU6K9t2vzg2,210,pdx1,,,,prj_Js2lo2gmYf9Z64B1lLz4T8IbtbvF,,,,,
2/1/2026 5:43,1.76992E+12,techsidechats.vercel.app/articles/welcome-to-techside-chats,GET,_rsc=1pn8p,200,6htsh-1769924636123-8044bd5037a2,"Mozilla/5.0 (Windows NT 10.0; Win64; x64) AppleWebKit/537.36 (KHTML, like Gecko) Chrome/144.0.0.0 Safari/537.36 Edg/144.0.0.0",,production,main,PRERENDER,static,/articles/welcome-to-techside-chats.segments/_head.segment,techsidechats.vercel.app,techsidechats-c6qu0m2tf-chris-solario-s-projects.vercel.app,dpl_3zaGCy9hjuRJNBSU4LU6K9t2vzg2,248,pdx1,,,,prj_Js2lo2gmYf9Z64B1lLz4T8IbtbvF,,,,,
2/1/2026 5:43,1.76992E+12,techsidechats.vercel.app/articles/welcome-to-techside-chats,GET,_rsc=1r34m,200,f2sbg-1769924635822-59bb47a63f45,"Mozilla/5.0 (Windows NT 10.0; Win64; x64) AppleWebKit/537.36 (KHTML, like Gecko) Chrome/144.0.0.0 Safari/537.36 Edg/144.0.0.0",,production,main,PRERENDER,static,/articles/welcome-to-techside-chats.segments/_tree.segment,techsidechats.vercel.app,techsidechats-c6qu0m2tf-chris-solario-s-projects.vercel.app,dpl_3zaGCy9hjuRJNBSU4LU6K9t2vzg2,283,pdx1,,,,prj_Js2lo2gmYf9Z64B1lLz4T8IbtbvF,,,,,
2/1/2026 5:43,1.76992E+12,techsidechats.vercel.app/api/admin/articles,DELETE,,404,6jg82-1769924631998-9e01cb9957f6,"Mozilla/5.0 (Windows NT 10.0; Win64; x64) AppleWebKit/537.36 (KHTML, like Gecko) Chrome/144.0.0.0 Safari/537.36 Edg/144.0.0.0",,production,main,MISS,function,/api/admin/articles,techsidechats.vercel.app,techsidechats-c6qu0m2tf-chris-solario-s-projects.vercel.app,dpl_3zaGCy9hjuRJNBSU4LU6K9t2vzg2,96,iad1,288,2048,,prj_Js2lo2gmYf9Z64B1lLz4T8IbtbvF,,,01KGBVN7F5ZP1VKT5YDGQVK679,PexSULvJLJMM,1
2/1/2026 5:43,1.76992E+12,techsidechats.vercel.app/api/admin/articles,GET,,200,6htsh-1769924628802-5c5b57e2e10b,"Mozilla/5.0 (Windows NT 10.0; Win64; x64) AppleWebKit/537.36 (KHTML, like Gecko) Chrome/144.0.0.0 Safari/537.36 Edg/144.0.0.0",,production,main,MISS,function,/api/admin/articles,techsidechats.vercel.app,techsidechats-c6qu0m2tf-chris-solario-s-projects.vercel.app,dpl_3zaGCy9hjuRJNBSU4LU6K9t2vzg2,885,iad1,293,2048,,prj_Js2lo2gmYf9Z64B1lLz4T8IbtbvF,,,01KGBVN4B4810T2PBZ8G1ANEZ0,PexSULvJLJMM,1
2/1/2026 5:43,1.76992E+12,techsidechats.vercel.app/api/admin/articles,POST,,200,6zhbk-1769924628031-c36e779b8a9d,"Mozilla/5.0 (Windows NT 10.0; Win64; x64) AppleWebKit/537.36 (KHTML, like Gecko) Chrome/144.0.0.0 Safari/537.36 Edg/144.0.0.0",,production,main,MISS,function,/api/admin/articles,techsidechats.vercel.app,techsidechats-c6qu0m2tf-chris-solario-s-projects.vercel.app,dpl_3zaGCy9hjuRJNBSU4LU6K9t2vzg2,600,iad1,277,2048,,prj_Js2lo2gmYf9Z64B1lLz4T8IbtbvF,,,01KGBVN3N0T6ETDET3XR7H45S7,PexSULvJLJMM,1
2/1/2026 5:43,1.76992E+12,techsidechats.vercel.app/api/admin/preview,POST,,200,bbxv5-1769924624208-48c1ad8f7a3b,"Mozilla/5.0 (Windows NT 10.0; Win64; x64) AppleWebKit/537.36 (KHTML, like Gecko) Chrome/144.0.0.0 Safari/537.36 Edg/144.0.0.0",,production,main,MISS,function,/api/admin/preview,techsidechats.vercel.app,techsidechats-c6qu0m2tf-chris-solario-s-projects.vercel.app,dpl_3zaGCy9hjuRJNBSU4LU6K9t2vzg2,72,iad1,271,2048,,prj_Js2lo2gmYf9Z64B1lLz4T8IbtbvF,,,01KGBVMZXQ92MK891F7MY6485R,PexSULvJLJMM,1
2/1/2026 5:43,1.76992E+12,techsidechats.vercel.app/api/admin/preview,POST,,200,2qzjr-1769924623908-3ef26049a911,"Mozilla/5.0 (Windows NT 10.0; Win64; x64) AppleWebKit/537.36 (KHTML, like Gecko) Chrome/144.0.0.0 Safari/537.36 Edg/144.0.0.0",,production,main,MISS,function,/api/admin/preview,techsidechats.vercel.app,techsidechats-c6qu0m2tf-chris-solario-s-projects.vercel.app,dpl_3zaGCy9hjuRJNBSU4LU6K9t2vzg2,199,iad1,264,2048,,prj_Js2lo2gmYf9Z64B1lLz4T8IbtbvF,,,01KGBVMZR20TFJWGKYTTM2Y0SF,PexSULvJLJMM,1
2/1/2026 5:43,1.76992E+12,techsidechats.vercel.app/api/admin/articles,GET,,200,2s56l-1769924607433-2872a7775aa1,"Mozilla/5.0 (Windows NT 10.0; Win64; x64) AppleWebKit/537.36 (KHTML, like Gecko) Chrome/144.0.0.0 Safari/537.36 Edg/144.0.0.0",,production,main,MISS,function,/api/admin/articles,techsidechats.vercel.app,techsidechats-c6qu0m2tf-chris-solario-s-projects.vercel.app,dpl_3zaGCy9hjuRJNBSU4LU6K9t2vzg2,359,iad1,304,2048,,prj_Js2lo2gmYf9Z64B1lLz4T8IbtbvF,,,01KGBVMEE4YEA6V6YF82F31H0V,LsXNSZ8rcrSp,2
2/1/2026 5:43,1.76992E+12,techsidechats.vercel.app/,GET,_rsc=m0mb1,200,f2sbg-1769924606459-fac29ce81ce8,"Mozilla/5.0 (Windows NT 10.0; Win64; x64) AppleWebKit/537.36 (KHTML, like Gecko) Chrome/144.0.0.0 Safari/537.36 Edg/144.0.0.0",,production,main,PRERENDER,static,/index.segments/_head.segment,techsidechats.vercel.app,techsidechats-c6qu0m2tf-chris-solario-s-projects.vercel.app,dpl_3zaGCy9hjuRJNBSU4LU6K9t2vzg2,236,pdx1,,,,prj_Js2lo2gmYf9Z64B1lLz4T8IbtbvF,,,,,
2/1/2026 5:43,1.76992E+12,techsidechats.vercel.app/,GET,_rsc=444lg,200,f2sbg-1769924606459-665ccf6ca1ab,"Mozilla/5.0 (Windows NT 10.0; Win64; x64) AppleWebKit/537.36 (KHTML, like Gecko) Chrome/144.0.0.0 Safari/537.36 Edg/144.0.0.0",,production,main,PRERENDER,static,/index.segments/_index.segment,techsidechats.vercel.app,techsidechats-c6qu0m2tf-chris-solario-s-projects.vercel.app,dpl_3zaGCy9hjuRJNBSU4LU6K9t2vzg2,247,pdx1,,,,prj_Js2lo2gmYf9Z64B1lLz4T8IbtbvF,,,,,
2/1/2026 5:43,1.76992E+12,techsidechats.vercel.app/,GET,_rsc=941a9,200,6zhbk-1769924606459-9aebef5b15b8,"Mozilla/5.0 (Windows NT 10.0; Win64; x64) AppleWebKit/537.36 (KHTML, like Gecko) Chrome/144.0.0.0 Safari/537.36 Edg/144.0.0.0",,production,main,PRERENDER,static,/index.segments/__PAGE__.segment,techsidechats.vercel.app,techsidechats-c6qu0m2tf-chris-solario-s-projects.vercel.app,dpl_3zaGCy9hjuRJNBSU4LU6K9t2vzg2,236,pdx1,,,,prj_Js2lo2gmYf9Z64B1lLz4T8IbtbvF,,,,,
2/1/2026 5:43,1.76992E+12,techsidechats.vercel.app/,GET,_rsc=17qrm,200,6zhbk-1769924606212-255253c10937,"Mozilla/5.0 (Windows NT 10.0; Win64; x64) AppleWebKit/537.36 (KHTML, like Gecko) Chrome/144.0.0.0 Safari/537.36 Edg/144.0.0.0",,production,main,PRERENDER,static,/index.segments/_tree.segment,techsidechats.vercel.app,techsidechats-c6qu0m2tf-chris-solario-s-projects.vercel.app,dpl_3zaGCy9hjuRJNBSU4LU6K9t2vzg2,226,pdx1,,,,prj_Js2lo2gmYf9Z64B1lLz4T8IbtbvF,,,,,
2/1/2026 5:43,1.76992E+12,techsidechats.vercel.app/api/admin/articles,GET,,200,2s56l-1769924606212-92eb5d9ae0c2,"Mozilla/5.0 (Windows NT 10.0; Win64; x64) AppleWebKit/537.36 (KHTML, like Gecko) Chrome/144.0.0.0 Safari/537.36 Edg/144.0.0.0",,production,main,MISS,function,/api/admin/articles,techsidechats.vercel.app,techsidechats-c6qu0m2tf-chris-solario-s-projects.vercel.app,dpl_3zaGCy9hjuRJNBSU4LU6K9t2vzg2,1192,iad1,304,2048,,prj_Js2lo2gmYf9Z64B1lLz4T8IbtbvF,,,01KGBVMEE4YEA6V6YF82F31H0V,LsXNSZ8rcrSp,2
